system:index,area,classe,year,.geo
1_1_1_1_1_1_1_1_1_1_1_1_1_1_1_1_1_1_1_1_1_1_1_1_1_1_1_1_1_1_1_1_1_1_1_1_1_1_2_0,2260.218696332863,3,1985,"{""type"":""Point"",""coordinates"":[0.0,0.0]}"
1_1_1_1_1_1_1_1_1_1_1_1_1_1_1_1_1_1_1_1_1_1_1_1_1_1_1_1_1_1_1_1_1_1_1_1_1_1_2_1,1079979.2833887273,4,1985,"{""type"":""Point"",""coordinates"":[0.0,0.0]}"
1_1_1_1_1_1_1_1_1_1_1_1_1_1_1_1_1_1_1_1_1_1_1_1_1_1_1_1_1_1_1_1_1_1_1_1_1_1_2_2,1648.747322800938,12,1985,"{""type"":""Point"",""coordinates"":[0.0,0.0]}"
1_1_1_1_1_1_1_1_1_1_1_1_1_1_1_1_1_1_1_1_1_1_1_1_1_1_1_1_1_1_1_1_1_1_1_1_1_1_2_3,270644.05712972325,21,1985,"{""type"":""Point"",""coordinates"":[0.0,0.0]}"
1_1_1_1_1_1_1_1_1_1_1_1_1_1_1_1_1_1_1_1_1_1_1_1_1_1_1_1_1_1_1_1_1_1_1_1_1_1_2_4,9288.580383409742,22,1985,"{""type"":""Point"",""coordinates"":[0.0,0.0]}"
1_1_1_1_1_1_1_1_1_1_1_1_1_1_1_1_1_1_1_1_1_1_1_1_1_1_1_1_1_1_1_1_1_1_1_1_1_1_2_5,8237.374828949507,33,1985,"{""type"":""Point"",""coordinates"":[0.0,0.0]}"
1_1_1_1_1_1_1_1_1_1_1_1_1_1_1_1_1_1_1_1_1_1_1_1_1_1_1_1_1_1_1_1_1_1_1_1_1_2_0,2260.2186963328636,3,1986,"{""type"":""Point"",""coordinates"":[0.0,0.0]}"
1_1_1_1_1_1_1_1_1_1_1_1_1_1_1_1_1_1_1_1_1_1_1_1_1_1_1_1_1_1_1_1_1_1_1_1_1_2_1,1081989.911080212,4,1986,"{""type"":""Point"",""coordinates"":[0.0,0.0]}"
1_1_1_1_1_1_1_1_1_1_1_1_1_1_1_1_1_1_1_1_1_1_1_1_1_1_1_1_1_1_1_1_1_1_1_1_1_2_2,1615.2306795575305,12,1986,"{""type"":""Point"",""coordinates"":[0.0,0.0]}"
1_1_1_1_1_1_1_1_1_1_1_1_1_1_1_1_1_1_1_1_1_1_1_1_1_1_1_1_1_1_1_1_1_1_1_1_1_2_3,269735.5607321912,21,1986,"{""type"":""Point"",""coordinates"":[0.0,0.0]}"
1_1_1_1_1_1_1_1_1_1_1_1_1_1_1_1_1_1_1_1_1_1_1_1_1_1_1_1_1_1_1_1_1_1_1_1_1_2_4,8491.906867599,22,1986,"{""type"":""Point"",""coordinates"":[0.0,0.0]}"
1_1_1_1_1_1_1_1_1_1_1_1_1_1_1_1_1_1_1_1_1_1_1_1_1_1_1_1_1_1_1_1_1_1_1_1_1_2_5,7965.433694063574,33,1986,"{""type"":""Point"",""coordinates"":[0.0,0.0]}"
1_1_1_1_1_1_1_1_1_1_1_1_1_1_1_1_1_1_1_1_1_1_1_1_1_1_1_1_1_1_1_1_1_1_1_1_2_0,2257.5594040904316,3,1987,"{""type"":""Point"",""coordinates"":[0.0,0.0]}"
1_1_1_1_1_1_1_1_1_1_1_1_1_1_1_1_1_1_1_1_1_1_1_1_1_1_1_1_1_1_1_1_1_1_1_1_2_1,1072224.7050703003,4,1987,"{""type"":""Point"",""coordinates"":[0.0,0.0]}"
1_1_1_1_1_1_1_1_1_1_1_1_1_1_1_1_1_1_1_1_1_1_1_1_1_1_1_1_1_1_1_1_1_1_1_1_2_2,2850.4768574930713,12,1987,"{""type"":""Point"",""coordinates"":[0.0,0.0]}"
1_1_1_1_1_1_1_1_1_1_1_1_1_1_1_1_1_1_1_1_1_1_1_1_1_1_1_1_1_1_1_1_1_1_1_1_2_3,278226.7172844026,21,1987,"{""type"":""Point"",""coordinates"":[0.0,0.0]}"
1_1_1_1_1_1_1_1_1_1_1_1_1_1_1_1_1_1_1_1_1_1_1_1_1_1_1_1_1_1_1_1_1_1_1_1_2_4,9911.058294059034,22,1987,"{""type"":""Point"",""coordinates"":[0.0,0.0]}"
1_1_1_1_1_1_1_1_1_1_1_1_1_1_1_1_1_1_1_1_1_1_1_1_1_1_1_1_1_1_1_1_1_1_1_1_2_5,6587.744839705785,33,1987,"{""type"":""Point"",""coordinates"":[0.0,0.0]}"
1_1_1_1_1_1_1_1_1_1_1_1_1_1_1_1_1_1_1_1_1_1_1_1_1_1_1_1_1_1_1_1_1_1_1_2_0,2257.4707358897476,3,1988,"{""type"":""Point"",""coordinates"":[0.0,0.0]}"
1_1_1_1_1_1_1_1_1_1_1_1_1_1_1_1_1_1_1_1_1_1_1_1_1_1_1_1_1_1_1_1_1_1_1_2_1,1068924.3044728478,4,1988,"{""type"":""Point"",""coordinates"":[0.0,0.0]}"
1_1_1_1_1_1_1_1_1_1_1_1_1_1_1_1_1_1_1_1_1_1_1_1_1_1_1_1_1_1_1_1_1_1_1_2_2,2923.961817941256,12,1988,"{""type"":""Point"",""coordinates"":[0.0,0.0]}"
1_1_1_1_1_1_1_1_1_1_1_1_1_1_1_1_1_1_1_1_1_1_1_1_1_1_1_1_1_1_1_1_1_1_1_2_3,283613.2987111686,21,1988,"{""type"":""Point"",""coordinates"":[0.0,0.0]}"
1_1_1_1_1_1_1_1_1_1_1_1_1_1_1_1_1_1_1_1_1_1_1_1_1_1_1_1_1_1_1_1_1_1_1_2_4,8240.604634758976,22,1988,"{""type"":""Point"",""coordinates"":[0.0,0.0]}"
1_1_1_1_1_1_1_1_1_1_1_1_1_1_1_1_1_1_1_1_1_1_1_1_1_1_1_1_1_1_1_1_1_1_1_2_5,6098.621377455952,33,1988,"{""type"":""Point"",""coordinates"":[0.0,0.0]}"
1_1_1_1_1_1_1_1_1_1_1_1_1_1_1_1_1_1_1_1_1_1_1_1_1_1_1_1_1_1_1_1_1_1_2_0,2258.2689742320317,3,1989,"{""type"":""Point"",""coordinates"":[0.0,0.0]}"
1_1_1_1_1_1_1_1_1_1_1_1_1_1_1_1_1_1_1_1_1_1_1_1_1_1_1_1_1_1_1_1_1_1_2_1,1032752.5255511486,4,1989,"{""type"":""Point"",""coordinates"":[0.0,0.0]}"
1_1_1_1_1_1_1_1_1_1_1_1_1_1_1_1_1_1_1_1_1_1_1_1_1_1_1_1_1_1_1_1_1_1_2_2,389.27586599219256,12,1989,"{""type"":""Point"",""coordinates"":[0.0,0.0]}"
1_1_1_1_1_1_1_1_1_1_1_1_1_1_1_1_1_1_1_1_1_1_1_1_1_1_1_1_1_1_1_1_1_1_2_3,323228.2128888243,21,1989,"{""type"":""Point"",""coordinates"":[0.0,0.0]}"
1_1_1_1_1_1_1_1_1_1_1_1_1_1_1_1_1_1_1_1_1_1_1_1_1_1_1_1_1_1_1_1_1_1_2_4,7477.697310384484,22,1989,"{""type"":""Point"",""coordinates"":[0.0,0.0]}"
1_1_1_1_1_1_1_1_1_1_1_1_1_1_1_1_1_1_1_1_1_1_1_1_1_1_1_1_1_1_1_1_1_1_2_5,5952.281159466467,33,1989,"{""type"":""Point"",""coordinates"":[0.0,0.0]}"
1_1_1_1_1_1_1_1_1_1_1_1_1_1_1_1_1_1_1_1_1_1_1_1_1_1_1_1_1_1_1_1_1_2_0,2259.9487744761723,3,1990,"{""type"":""Point"",""coordinates"":[0.0,0.0]}"
1_1_1_1_1_1_1_1_1_1_1_1_1_1_1_1_1_1_1_1_1_1_1_1_1_1_1_1_1_1_1_1_1_2_1,1033307.0559694219,4,1990,"{""type"":""Point"",""coordinates"":[0.0,0.0]}"
1_1_1_1_1_1_1_1_1_1_1_1_1_1_1_1_1_1_1_1_1_1_1_1_1_1_1_1_1_1_1_1_1_2_2,390.905600213001,12,1990,"{""type"":""Point"",""coordinates"":[0.0,0.0]}"
1_1_1_1_1_1_1_1_1_1_1_1_1_1_1_1_1_1_1_1_1_1_1_1_1_1_1_1_1_1_1_1_1_2_3,317809.1631485253,21,1990,"{""type"":""Point"",""coordinates"":[0.0,0.0]}"
1_1_1_1_1_1_1_1_1_1_1_1_1_1_1_1_1_1_1_1_1_1_1_1_1_1_1_1_1_1_1_1_1_2_4,12261.616543663105,22,1990,"{""type"":""Point"",""coordinates"":[0.0,0.0]}"
1_1_1_1_1_1_1_1_1_1_1_1_1_1_1_1_1_1_1_1_1_1_1_1_1_1_1_1_1_1_1_1_1_2_5,6029.571713726619,33,1990,"{""type"":""Point"",""coordinates"":[0.0,0.0]}"
1_1_1_1_1_1_1_1_1_1_1_1_1_1_1_1_1_1_1_1_1_1_1_1_1_1_1_1_1_1_1_1_2_0,2255.9658612986814,3,1991,"{""type"":""Point"",""coordinates"":[0.0,0.0]}"
1_1_1_1_1_1_1_1_1_1_1_1_1_1_1_1_1_1_1_1_1_1_1_1_1_1_1_1_1_1_1_1_2_1,1019926.3013884813,4,1991,"{""type"":""Point"",""coordinates"":[0.0,0.0]}"
1_1_1_1_1_1_1_1_1_1_1_1_1_1_1_1_1_1_1_1_1_1_1_1_1_1_1_1_1_1_1_1_2_2,812.1806685313741,12,1991,"{""type"":""Point"",""coordinates"":[0.0,0.0]}"
1_1_1_1_1_1_1_1_1_1_1_1_1_1_1_1_1_1_1_1_1_1_1_1_1_1_1_1_1_1_1_1_2_3,329165.0734153079,21,1991,"{""type"":""Point"",""coordinates"":[0.0,0.0]}"
1_1_1_1_1_1_1_1_1_1_1_1_1_1_1_1_1_1_1_1_1_1_1_1_1_1_1_1_1_1_1_1_2_4,14256.432426211464,22,1991,"{""type"":""Point"",""coordinates"":[0.0,0.0]}"
1_1_1_1_1_1_1_1_1_1_1_1_1_1_1_1_1_1_1_1_1_1_1_1_1_1_1_1_1_1_1_1_2_5,5642.3079902029685,33,1991,"{""type"":""Point"",""coordinates"":[0.0,0.0]}"
1_1_1_1_1_1_1_1_1_1_1_1_1_1_1_1_1_1_1_1_1_1_1_1_1_1_1_1_1_1_1_2_0,2254.192610206152,3,1992,"{""type"":""Point"",""coordinates"":[0.0,0.0]}"
1_1_1_1_1_1_1_1_1_1_1_1_1_1_1_1_1_1_1_1_1_1_1_1_1_1_1_1_1_1_1_2_1,1005502.2955061126,4,1992,"{""type"":""Point"",""coordinates"":[0.0,0.0]}"
1_1_1_1_1_1_1_1_1_1_1_1_1_1_1_1_1_1_1_1_1_1_1_1_1_1_1_1_1_1_1_2_2,797.6545618789728,12,1992,"{""type"":""Point"",""coordinates"":[0.0,0.0]}"
1_1_1_1_1_1_1_1_1_1_1_1_1_1_1_1_1_1_1_1_1_1_1_1_1_1_1_1_1_1_1_2_3,346756.54703070066,21,1992,"{""type"":""Point"",""coordinates"":[0.0,0.0]}"
1_1_1_1_1_1_1_1_1_1_1_1_1_1_1_1_1_1_1_1_1_1_1_1_1_1_1_1_1_1_1_2_4,12061.224235328573,22,1992,"{""type"":""Point"",""coordinates"":[0.0,0.0]}"
1_1_1_1_1_1_1_1_1_1_1_1_1_1_1_1_1_1_1_1_1_1_1_1_1_1_1_1_1_1_1_2_5,4686.3478058829505,33,1992,"{""type"":""Point"",""coordinates"":[0.0,0.0]}"
1_1_1_1_1_1_1_1_1_1_1_1_1_1_1_1_1_1_1_1_1_1_1_1_1_1_1_1_1_1_2_0,2258.6261769541975,3,1993,"{""type"":""Point"",""coordinates"":[0.0,0.0]}"
1_1_1_1_1_1_1_1_1_1_1_1_1_1_1_1_1_1_1_1_1_1_1_1_1_1_1_1_1_1_2_1,997016.8822551705,4,1993,"{""type"":""Point"",""coordinates"":[0.0,0.0]}"
1_1_1_1_1_1_1_1_1_1_1_1_1_1_1_1_1_1_1_1_1_1_1_1_1_1_1_1_1_1_2_2,294.7503381949153,12,1993,"{""type"":""Point"",""coordinates"":[0.0,0.0]}"
1_1_1_1_1_1_1_1_1_1_1_1_1_1_1_1_1_1_1_1_1_1_1_1_1_1_1_1_1_1_2_3,358067.4546943032,21,1993,"{""type"":""Point"",""coordinates"":[0.0,0.0]}"
1_1_1_1_1_1_1_1_1_1_1_1_1_1_1_1_1_1_1_1_1_1_1_1_1_1_1_1_1_1_2_4,11337.515568047762,22,1993,"{""type"":""Point"",""coordinates"":[0.0,0.0]}"
1_1_1_1_1_1_1_1_1_1_1_1_1_1_1_1_1_1_1_1_1_1_1_1_1_1_1_1_1_1_2_5,3083.032717433313,33,1993,"{""type"":""Point"",""coordinates"":[0.0,0.0]}"
1_1_1_1_1_1_1_1_1_1_1_1_1_1_1_1_1_1_1_1_1_1_1_1_1_1_1_1_1_2_0,2258.3603472056625,3,1994,"{""type"":""Point"",""coordinates"":[0.0,0.0]}"
1_1_1_1_1_1_1_1_1_1_1_1_1_1_1_1_1_1_1_1_1_1_1_1_1_1_1_1_1_2_1,998626.878320911,4,1994,"{""type"":""Point"",""coordinates"":[0.0,0.0]}"
1_1_1_1_1_1_1_1_1_1_1_1_1_1_1_1_1_1_1_1_1_1_1_1_1_1_1_1_1_2_2,280.490230505371,12,1994,"{""type"":""Point"",""coordinates"":[0.0,0.0]}"
1_1_1_1_1_1_1_1_1_1_1_1_1_1_1_1_1_1_1_1_1_1_1_1_1_1_1_1_1_2_3,358086.28242851846,21,1994,"{""type"":""Point"",""coordinates"":[0.0,0.0]}"
1_1_1_1_1_1_1_1_1_1_1_1_1_1_1_1_1_1_1_1_1_1_1_1_1_1_1_1_1_2_4,11213.876586150896,22,1994,"{""type"":""Point"",""coordinates"":[0.0,0.0]}"
1_1_1_1_1_1_1_1_1_1_1_1_1_1_1_1_1_1_1_1_1_1_1_1_1_1_1_1_1_2_5,1592.3738368119962,33,1994,"{""type"":""Point"",""coordinates"":[0.0,0.0]}"
1_1_1_1_1_1_1_1_1_1_1_1_1_1_1_1_1_1_1_1_1_1_1_1_1_1_1_1_2_0,2263.5001677012665,3,1995,"{""type"":""Point"",""coordinates"":[0.0,0.0]}"
1_1_1_1_1_1_1_1_1_1_1_1_1_1_1_1_1_1_1_1_1_1_1_1_1_1_1_1_2_1,995908.3208901593,4,1995,"{""type"":""Point"",""coordinates"":[0.0,0.0]}"
1_1_1_1_1_1_1_1_1_1_1_1_1_1_1_1_1_1_1_1_1_1_1_1_1_1_1_1_2_2,384.5419142035513,12,1995,"{""type"":""Point"",""coordinates"":[0.0,0.0]}"
1_1_1_1_1_1_1_1_1_1_1_1_1_1_1_1_1_1_1_1_1_1_1_1_1_1_1_1_2_3,358278.62024313223,21,1995,"{""type"":""Point"",""coordinates"":[0.0,0.0]}"
1_1_1_1_1_1_1_1_1_1_1_1_1_1_1_1_1_1_1_1_1_1_1_1_1_1_1_1_2_4,13598.456134094373,22,1995,"{""type"":""Point"",""coordinates"":[0.0,0.0]}"
1_1_1_1_1_1_1_1_1_1_1_1_1_1_1_1_1_1_1_1_1_1_1_1_1_1_1_1_2_5,1624.8224008073591,33,1995,"{""type"":""Point"",""coordinates"":[0.0,0.0]}"
1_1_1_1_1_1_1_1_1_1_1_1_1_1_1_1_1_1_1_1_1_1_1_1_1_1_1_2_0,2271.832600776218,3,1996,"{""type"":""Point"",""coordinates"":[0.0,0.0]}"
1_1_1_1_1_1_1_1_1_1_1_1_1_1_1_1_1_1_1_1_1_1_1_1_1_1_1_2_1,989324.7222214676,4,1996,"{""type"":""Point"",""coordinates"":[0.0,0.0]}"
1_1_1_1_1_1_1_1_1_1_1_1_1_1_1_1_1_1_1_1_1_1_1_1_1_1_1_2_2,503.4903652832029,12,1996,"{""type"":""Point"",""coordinates"":[0.0,0.0]}"
1_1_1_1_1_1_1_1_1_1_1_1_1_1_1_1_1_1_1_1_1_1_1_1_1_1_1_2_3,367508.0297770875,21,1996,"{""type"":""Point"",""coordinates"":[0.0,0.0]}"
1_1_1_1_1_1_1_1_1_1_1_1_1_1_1_1_1_1_1_1_1_1_1_1_1_1_1_2_4,10646.347369046649,22,1996,"{""type"":""Point"",""coordinates"":[0.0,0.0]}"
1_1_1_1_1_1_1_1_1_1_1_1_1_1_1_1_1_1_1_1_1_1_1_1_1_1_1_2_5,1803.839416469412,33,1996,"{""type"":""Point"",""coordinates"":[0.0,0.0]}"
1_1_1_1_1_1_1_1_1_1_1_1_1_1_1_1_1_1_1_1_1_1_1_1_1_1_2_0,2277.773618482518,3,1997,"{""type"":""Point"",""coordinates"":[0.0,0.0]}"
1_1_1_1_1_1_1_1_1_1_1_1_1_1_1_1_1_1_1_1_1_1_1_1_1_1_2_1,982419.0654035242,4,1997,"{""type"":""Point"",""coordinates"":[0.0,0.0]}"
1_1_1_1_1_1_1_1_1_1_1_1_1_1_1_1_1_1_1_1_1_1_1_1_1_1_2_2,214.32709084472674,12,1997,"{""type"":""Point"",""coordinates"":[0.0,0.0]}"
1_1_1_1_1_1_1_1_1_1_1_1_1_1_1_1_1_1_1_1_1_1_1_1_1_1_2_3,373951.3192531257,21,1997,"{""type"":""Point"",""coordinates"":[0.0,0.0]}"
1_1_1_1_1_1_1_1_1_1_1_1_1_1_1_1_1_1_1_1_1_1_1_1_1_1_2_4,11229.966581113806,22,1997,"{""type"":""Point"",""coordinates"":[0.0,0.0]}"
1_1_1_1_1_1_1_1_1_1_1_1_1_1_1_1_1_1_1_1_1_1_1_1_1_1_2_5,1965.8098030168348,33,1997,"{""type"":""Point"",""coordinates"":[0.0,0.0]}"
1_1_1_1_1_1_1_1_1_1_1_1_1_1_1_1_1_1_1_1_1_1_1_1_1_2_0,2278.4829618113754,3,1998,"{""type"":""Point"",""coordinates"":[0.0,0.0]}"
1_1_1_1_1_1_1_1_1_1_1_1_1_1_1_1_1_1_1_1_1_1_1_1_1_2_1,977988.0402701572,4,1998,"{""type"":""Point"",""coordinates"":[0.0,0.0]}"
1_1_1_1_1_1_1_1_1_1_1_1_1_1_1_1_1_1_1_1_1_1_1_1_1_2_2,227.61519718627932,12,1998,"{""type"":""Point"",""coordinates"":[0.0,0.0]}"
1_1_1_1_1_1_1_1_1_1_1_1_1_1_1_1_1_1_1_1_1_1_1_1_1_2_3,381291.95442808024,21,1998,"{""type"":""Point"",""coordinates"":[0.0,0.0]}"
1_1_1_1_1_1_1_1_1_1_1_1_1_1_1_1_1_1_1_1_1_1_1_1_1_2_4,8919.06460618711,22,1998,"{""type"":""Point"",""coordinates"":[0.0,0.0]}"
1_1_1_1_1_1_1_1_1_1_1_1_1_1_1_1_1_1_1_1_1_1_1_1_1_2_5,1353.1042866953405,33,1998,"{""type"":""Point"",""coordinates"":[0.0,0.0]}"
1_1_1_1_1_1_1_1_1_1_1_1_1_1_1_1_1_1_1_1_1_1_1_1_2_0,2281.1404486216775,3,1999,"{""type"":""Point"",""coordinates"":[0.0,0.0]}"
1_1_1_1_1_1_1_1_1_1_1_1_1_1_1_1_1_1_1_1_1_1_1_1_2_1,960381.9494726879,4,1999,"{""type"":""Point"",""coordinates"":[0.0,0.0]}"
1_1_1_1_1_1_1_1_1_1_1_1_1_1_1_1_1_1_1_1_1_1_1_1_2_2,342.71200911254886,12,1999,"{""type"":""Point"",""coordinates"":[0.0,0.0]}"
1_1_1_1_1_1_1_1_1_1_1_1_1_1_1_1_1_1_1_1_1_1_1_1_2_3,391811.5388715223,21,1999,"{""type"":""Point"",""coordinates"":[0.0,0.0]}"
1_1_1_1_1_1_1_1_1_1_1_1_1_1_1_1_1_1_1_1_1_1_1_1_2_4,15743.975325287636,22,1999,"{""type"":""Point"",""coordinates"":[0.0,0.0]}"
1_1_1_1_1_1_1_1_1_1_1_1_1_1_1_1_1_1_1_1_1_1_1_1_2_5,1496.9456229246346,33,1999,"{""type"":""Point"",""coordinates"":[0.0,0.0]}"
1_1_1_1_1_1_1_1_1_1_1_1_1_1_1_1_1_1_1_1_1_1_1_2_0,2282.2928061290017,3,2000,"{""type"":""Point"",""coordinates"":[0.0,0.0]}"
1_1_1_1_1_1_1_1_1_1_1_1_1_1_1_1_1_1_1_1_1_1_1_2_1,949278.5981264084,4,2000,"{""type"":""Point"",""coordinates"":[0.0,0.0]}"
1_1_1_1_1_1_1_1_1_1_1_1_1_1_1_1_1_1_1_1_1_1_1_2_2,280.96243419773475,12,2000,"{""type"":""Point"",""coordinates"":[0.0,0.0]}"
1_1_1_1_1_1_1_1_1_1_1_1_1_1_1_1_1_1_1_1_1_1_1_2_3,403477.1947149303,21,2000,"{""type"":""Point"",""coordinates"":[0.0,0.0]}"
1_1_1_1_1_1_1_1_1_1_1_1_1_1_1_1_1_1_1_1_1_1_1_2_4,15529.599417627473,22,2000,"{""type"":""Point"",""coordinates"":[0.0,0.0]}"
1_1_1_1_1_1_1_1_1_1_1_1_1_1_1_1_1_1_1_1_1_1_1_2_5,1209.6142508005676,33,2000,"{""type"":""Point"",""coordinates"":[0.0,0.0]}"
1_1_1_1_1_1_1_1_1_1_1_1_1_1_1_1_1_1_1_1_1_1_2_0,2290.969990522312,3,2001,"{""type"":""Point"",""coordinates"":[0.0,0.0]}"
1_1_1_1_1_1_1_1_1_1_1_1_1_1_1_1_1_1_1_1_1_1_2_1,957490.322519813,4,2001,"{""type"":""Point"",""coordinates"":[0.0,0.0]}"
1_1_1_1_1_1_1_1_1_1_1_1_1_1_1_1_1_1_1_1_1_1_2_2,262.7228863307816,12,2001,"{""type"":""Point"",""coordinates"":[0.0,0.0]}"
1_1_1_1_1_1_1_1_1_1_1_1_1_1_1_1_1_1_1_1_1_1_2_3,395546.24188306,21,2001,"{""type"":""Point"",""coordinates"":[0.0,0.0]}"
1_1_1_1_1_1_1_1_1_1_1_1_1_1_1_1_1_1_1_1_1_1_2_4,15377.137990958008,22,2001,"{""type"":""Point"",""coordinates"":[0.0,0.0]}"
1_1_1_1_1_1_1_1_1_1_1_1_1_1_1_1_1_1_1_1_1_1_2_5,1090.8664794443641,33,2001,"{""type"":""Point"",""coordinates"":[0.0,0.0]}"
1_1_1_1_1_1_1_1_1_1_1_1_1_1_1_1_1_1_1_1_1_2_0,2296.4170102406647,3,2002,"{""type"":""Point"",""coordinates"":[0.0,0.0]}"
1_1_1_1_1_1_1_1_1_1_1_1_1_1_1_1_1_1_1_1_1_2_1,946602.4761239889,4,2002,"{""type"":""Point"",""coordinates"":[0.0,0.0]}"
1_1_1_1_1_1_1_1_1_1_1_1_1_1_1_1_1_1_1_1_1_2_2,189.86594166870114,12,2002,"{""type"":""Point"",""coordinates"":[0.0,0.0]}"
1_1_1_1_1_1_1_1_1_1_1_1_1_1_1_1_1_1_1_1_1_2_3,403977.31321050914,21,2002,"{""type"":""Point"",""coordinates"":[0.0,0.0]}"
1_1_1_1_1_1_1_1_1_1_1_1_1_1_1_1_1_1_1_1_1_2_4,15470.803883491726,22,2002,"{""type"":""Point"",""coordinates"":[0.0,0.0]}"
1_1_1_1_1_1_1_1_1_1_1_1_1_1_1_1_1_1_1_1_1_2_5,3521.3855802073017,33,2002,"{""type"":""Point"",""coordinates"":[0.0,0.0]}"
1_1_1_1_1_1_1_1_1_1_1_1_1_1_1_1_1_1_1_1_2_0,2302.9720853017006,3,2003,"{""type"":""Point"",""coordinates"":[0.0,0.0]}"
1_1_1_1_1_1_1_1_1_1_1_1_1_1_1_1_1_1_1_1_2_1,938257.3636557165,4,2003,"{""type"":""Point"",""coordinates"":[0.0,0.0]}"
1_1_1_1_1_1_1_1_1_1_1_1_1_1_1_1_1_1_1_1_2_2,110.76077461270208,12,2003,"{""type"":""Point"",""coordinates"":[0.0,0.0]}"
1_1_1_1_1_1_1_1_1_1_1_1_1_1_1_1_1_1_1_1_2_3,410846.73352085584,21,2003,"{""type"":""Point"",""coordinates"":[0.0,0.0]}"
1_1_1_1_1_1_1_1_1_1_1_1_1_1_1_1_1_1_1_1_2_4,17408.622403999496,22,2003,"{""type"":""Point"",""coordinates"":[0.0,0.0]}"
1_1_1_1_1_1_1_1_1_1_1_1_1_1_1_1_1_1_1_1_2_5,3131.8093096323482,33,2003,"{""type"":""Point"",""coordinates"":[0.0,0.0]}"
1_1_1_1_1_1_1_1_1_1_1_1_1_1_1_1_1_1_1_2_0,2309.4447050343624,3,2004,"{""type"":""Point"",""coordinates"":[0.0,0.0]}"
1_1_1_1_1_1_1_1_1_1_1_1_1_1_1_1_1_1_1_2_1,928708.6396220456,4,2004,"{""type"":""Point"",""coordinates"":[0.0,0.0]}"
1_1_1_1_1_1_1_1_1_1_1_1_1_1_1_1_1_1_1_2_2,140.28642782767497,12,2004,"{""type"":""Point"",""coordinates"":[0.0,0.0]}"
1_1_1_1_1_1_1_1_1_1_1_1_1_1_1_1_1_1_1_2_3,415302.8616217892,21,2004,"{""type"":""Point"",""coordinates"":[0.0,0.0]}"
1_1_1_1_1_1_1_1_1_1_1_1_1_1_1_1_1_1_1_2_4,18973.326938864015,22,2004,"{""type"":""Point"",""coordinates"":[0.0,0.0]}"
1_1_1_1_1_1_1_1_1_1_1_1_1_1_1_1_1_1_1_2_5,6623.702434595648,33,2004,"{""type"":""Point"",""coordinates"":[0.0,0.0]}"
1_1_1_1_1_1_1_1_1_1_1_1_1_1_1_1_1_1_2_0,2310.5057450734244,3,2005,"{""type"":""Point"",""coordinates"":[0.0,0.0]}"
1_1_1_1_1_1_1_1_1_1_1_1_1_1_1_1_1_1_2_1,930920.0724582406,4,2005,"{""type"":""Point"",""coordinates"":[0.0,0.0]}"
1_1_1_1_1_1_1_1_1_1_1_1_1_1_1_1_1_1_2_2,146.25984208374024,12,2005,"{""type"":""Point"",""coordinates"":[0.0,0.0]}"
1_1_1_1_1_1_1_1_1_1_1_1_1_1_1_1_1_1_2_3,411674.4027845355,21,2005,"{""type"":""Point"",""coordinates"":[0.0,0.0]}"
1_1_1_1_1_1_1_1_1_1_1_1_1_1_1_1_1_1_2_4,20706.445359529174,22,2005,"{""type"":""Point"",""coordinates"":[0.0,0.0]}"
1_1_1_1_1_1_1_1_1_1_1_1_1_1_1_1_1_1_2_5,6300.575560688202,33,2005,"{""type"":""Point"",""coordinates"":[0.0,0.0]}"
1_1_1_1_1_1_1_1_1_1_1_1_1_1_1_1_1_2_0,2307.9410574147323,3,2006,"{""type"":""Point"",""coordinates"":[0.0,0.0]}"
1_1_1_1_1_1_1_1_1_1_1_1_1_1_1_1_1_2_1,923934.2400338667,4,2006,"{""type"":""Point"",""coordinates"":[0.0,0.0]}"
1_1_1_1_1_1_1_1_1_1_1_1_1_1_1_1_1_2_2,207.97407588661346,12,2006,"{""type"":""Point"",""coordinates"":[0.0,0.0]}"
1_1_1_1_1_1_1_1_1_1_1_1_1_1_1_1_1_2_3,420603.45742685796,21,2006,"{""type"":""Point"",""coordinates"":[0.0,0.0]}"
1_1_1_1_1_1_1_1_1_1_1_1_1_1_1_1_1_2_4,19045.262579444647,22,2006,"{""type"":""Point"",""coordinates"":[0.0,0.0]}"
1_1_1_1_1_1_1_1_1_1_1_1_1_1_1_1_1_2_5,5959.38657666719,33,2006,"{""type"":""Point"",""coordinates"":[0.0,0.0]}"
1_1_1_1_1_1_1_1_1_1_1_1_1_1_1_1_2_0,2309.802889940367,3,2007,"{""type"":""Point"",""coordinates"":[0.0,0.0]}"
1_1_1_1_1_1_1_1_1_1_1_1_1_1_1_1_2_1,923745.1199022532,4,2007,"{""type"":""Point"",""coordinates"":[0.0,0.0]}"
1_1_1_1_1_1_1_1_1_1_1_1_1_1_1_1_2_2,384.43844056556895,12,2007,"{""type"":""Point"",""coordinates"":[0.0,0.0]}"
1_1_1_1_1_1_1_1_1_1_1_1_1_1_1_1_2_3,419985.82784335135,21,2007,"{""type"":""Point"",""coordinates"":[0.0,0.0]}"
1_1_1_1_1_1_1_1_1_1_1_1_1_1_1_1_2_4,19755.028664332414,22,2007,"{""type"":""Point"",""coordinates"":[0.0,0.0]}"
1_1_1_1_1_1_1_1_1_1_1_1_1_1_1_1_2_5,5878.0440096872135,33,2007,"{""type"":""Point"",""coordinates"":[0.0,0.0]}"
1_1_1_1_1_1_1_1_1_1_1_1_1_1_1_2_0,2312.0163154347515,3,2008,"{""type"":""Point"",""coordinates"":[0.0,0.0]}"
1_1_1_1_1_1_1_1_1_1_1_1_1_1_1_2_1,926071.0123870532,4,2008,"{""type"":""Point"",""coordinates"":[0.0,0.0]}"
1_1_1_1_1_1_1_1_1_1_1_1_1_1_1_2_2,140.12892577064665,12,2008,"{""type"":""Point"",""coordinates"":[0.0,0.0]}"
1_1_1_1_1_1_1_1_1_1_1_1_1_1_1_2_3,419342.0615203834,21,2008,"{""type"":""Point"",""coordinates"":[0.0,0.0]}"
1_1_1_1_1_1_1_1_1_1_1_1_1_1_1_2_4,17340.026467588596,22,2008,"{""type"":""Point"",""coordinates"":[0.0,0.0]}"
1_1_1_1_1_1_1_1_1_1_1_1_1_1_1_2_5,6853.016133924279,33,2008,"{""type"":""Point"",""coordinates"":[0.0,0.0]}"
1_1_1_1_1_1_1_1_1_1_1_1_1_1_2_0,2314.8467271168806,3,2009,"{""type"":""Point"",""coordinates"":[0.0,0.0]}"
1_1_1_1_1_1_1_1_1_1_1_1_1_1_2_1,930614.7921475569,4,2009,"{""type"":""Point"",""coordinates"":[0.0,0.0]}"
1_1_1_1_1_1_1_1_1_1_1_1_1_1_2_2,193.25223156678442,12,2009,"{""type"":""Point"",""coordinates"":[0.0,0.0]}"
1_1_1_1_1_1_1_1_1_1_1_1_1_1_2_3,413103.53594224725,21,2009,"{""type"":""Point"",""coordinates"":[0.0,0.0]}"
1_1_1_1_1_1_1_1_1_1_1_1_1_1_2_4,19316.075550289683,22,2009,"{""type"":""Point"",""coordinates"":[0.0,0.0]}"
1_1_1_1_1_1_1_1_1_1_1_1_1_1_2_5,6515.759151380359,33,2009,"{""type"":""Point"",""coordinates"":[0.0,0.0]}"
1_1_1_1_1_1_1_1_1_1_1_1_1_2_0,2313.608278380308,3,2010,"{""type"":""Point"",""coordinates"":[0.0,0.0]}"
1_1_1_1_1_1_1_1_1_1_1_1_1_2_1,941673.8394302512,4,2010,"{""type"":""Point"",""coordinates"":[0.0,0.0]}"
1_1_1_1_1_1_1_1_1_1_1_1_1_2_2,83.20115341126686,12,2010,"{""type"":""Point"",""coordinates"":[0.0,0.0]}"
1_1_1_1_1_1_1_1_1_1_1_1_1_2_3,406299.7251106679,21,2010,"{""type"":""Point"",""coordinates"":[0.0,0.0]}"
1_1_1_1_1_1_1_1_1_1_1_1_1_2_4,15787.079766592164,22,2010,"{""type"":""Point"",""coordinates"":[0.0,0.0]}"
1_1_1_1_1_1_1_1_1_1_1_1_1_2_5,5900.808010846934,33,2010,"{""type"":""Point"",""coordinates"":[0.0,0.0]}"
1_1_1_1_1_1_1_1_1_1_1_1_2_0,2312.1929907277204,3,2011,"{""type"":""Point"",""coordinates"":[0.0,0.0]}"
1_1_1_1_1_1_1_1_1_1_1_1_2_1,942401.0817460757,4,2011,"{""type"":""Point"",""coordinates"":[0.0,0.0]}"
1_1_1_1_1_1_1_1_1_1_1_1_2_2,133.8369993585325,12,2011,"{""type"":""Point"",""coordinates"":[0.0,0.0]}"
1_1_1_1_1_1_1_1_1_1_1_1_2_3,409711.37754666404,21,2011,"{""type"":""Point"",""coordinates"":[0.0,0.0]}"
1_1_1_1_1_1_1_1_1_1_1_1_2_4,12122.775167745234,22,2011,"{""type"":""Point"",""coordinates"":[0.0,0.0]}"
1_1_1_1_1_1_1_1_1_1_1_1_2_5,5376.997299592053,33,2011,"{""type"":""Point"",""coordinates"":[0.0,0.0]}"
1_1_1_1_1_1_1_1_1_1_1_2_0,2322.632435954771,3,2012,"{""type"":""Point"",""coordinates"":[0.0,0.0]}"
1_1_1_1_1_1_1_1_1_1_1_2_1,940523.5622812951,4,2012,"{""type"":""Point"",""coordinates"":[0.0,0.0]}"
1_1_1_1_1_1_1_1_1_1_1_2_2,736.4618386844155,12,2012,"{""type"":""Point"",""coordinates"":[0.0,0.0]}"
1_1_1_1_1_1_1_1_1_1_1_2_3,412192.1581862236,21,2012,"{""type"":""Point"",""coordinates"":[0.0,0.0]}"
1_1_1_1_1_1_1_1_1_1_1_2_4,12448.721940893161,22,2012,"{""type"":""Point"",""coordinates"":[0.0,0.0]}"
1_1_1_1_1_1_1_1_1_1_1_2_5,3834.7250670969393,33,2012,"{""type"":""Point"",""coordinates"":[0.0,0.0]}"
1_1_1_1_1_1_1_1_1_1_2_0,2332.0250431752306,3,2013,"{""type"":""Point"",""coordinates"":[0.0,0.0]}"
1_1_1_1_1_1_1_1_1_1_2_1,937552.2614579964,4,2013,"{""type"":""Point"",""coordinates"":[0.0,0.0]}"
1_1_1_1_1_1_1_1_1_1_2_2,879.9311534082018,12,2013,"{""type"":""Point"",""coordinates"":[0.0,0.0]}"
1_1_1_1_1_1_1_1_1_1_2_3,416473.6624119683,21,2013,"{""type"":""Point"",""coordinates"":[0.0,0.0]}"
1_1_1_1_1_1_1_1_1_1_2_4,13108.641695929824,22,2013,"{""type"":""Point"",""coordinates"":[0.0,0.0]}"
1_1_1_1_1_1_1_1_1_1_2_5,1711.7399876719028,33,2013,"{""type"":""Point"",""coordinates"":[0.0,0.0]}"
1_1_1_1_1_1_1_1_1_2_0,2338.3084996083353,3,2014,"{""type"":""Point"",""coordinates"":[0.0,0.0]}"
1_1_1_1_1_1_1_1_1_2_1,931646.2357288736,4,2014,"{""type"":""Point"",""coordinates"":[0.0,0.0]}"
1_1_1_1_1_1_1_1_1_2_2,990.288725389067,12,2014,"{""type"":""Point"",""coordinates"":[0.0,0.0]}"
1_1_1_1_1_1_1_1_1_2_3,419871.952276534,21,2014,"{""type"":""Point"",""coordinates"":[0.0,0.0]}"
1_1_1_1_1_1_1_1_1_2_4,15765.395179681022,22,2014,"{""type"":""Point"",""coordinates"":[0.0,0.0]}"
1_1_1_1_1_1_1_1_1_2_5,1446.0813400217583,33,2014,"{""type"":""Point"",""coordinates"":[0.0,0.0]}"
1_1_1_1_1_1_1_1_2_0,2346.0039603932482,3,2015,"{""type"":""Point"",""coordinates"":[0.0,0.0]}"
1_1_1_1_1_1_1_1_2_1,926926.9020510574,4,2015,"{""type"":""Point"",""coordinates"":[0.0,0.0]}"
1_1_1_1_1_1_1_1_2_2,1664.8188757399596,12,2015,"{""type"":""Point"",""coordinates"":[0.0,0.0]}"
1_1_1_1_1_1_1_1_2_3,422725.50729121146,21,2015,"{""type"":""Point"",""coordinates"":[0.0,0.0]}"
1_1_1_1_1_1_1_1_2_4,17310.208651939123,22,2015,"{""type"":""Point"",""coordinates"":[0.0,0.0]}"
1_1_1_1_1_1_1_1_2_5,1084.8209197886065,33,2015,"{""type"":""Point"",""coordinates"":[0.0,0.0]}"
1_1_1_1_1_1_1_2_0,2350.9650372059923,3,2016,"{""type"":""Point"",""coordinates"":[0.0,0.0]}"
1_1_1_1_1_1_1_2_1,922152.8768839797,4,2016,"{""type"":""Point"",""coordinates"":[0.0,0.0]}"
1_1_1_1_1_1_1_2_2,1890.4407357407497,12,2016,"{""type"":""Point"",""coordinates"":[0.0,0.0]}"
1_1_1_1_1_1_1_2_3,429012.8769484224,21,2016,"{""type"":""Point"",""coordinates"":[0.0,0.0]}"
1_1_1_1_1_1_1_2_4,15895.33383518542,22,2016,"{""type"":""Point"",""coordinates"":[0.0,0.0]}"
1_1_1_1_1_1_1_2_5,755.7683095867102,33,2016,"{""type"":""Point"",""coordinates"":[0.0,0.0]}"
1_1_1_1_1_1_2_0,2350.965037205992,3,2017,"{""type"":""Point"",""coordinates"":[0.0,0.0]}"
1_1_1_1_1_1_2_1,913775.3181245214,4,2017,"{""type"":""Point"",""coordinates"":[0.0,0.0]}"
1_1_1_1_1_1_2_2,2301.053906163692,12,2017,"{""type"":""Point"",""coordinates"":[0.0,0.0]}"
1_1_1_1_1_1_2_3,437450.9079445119,21,2017,"{""type"":""Point"",""coordinates"":[0.0,0.0]}"
1_1_1_1_1_1_2_4,15627.551465095492,22,2017,"{""type"":""Point"",""coordinates"":[0.0,0.0]}"
1_1_1_1_1_1_2_5,552.4652726238174,33,2017,"{""type"":""Point"",""coordinates"":[0.0,0.0]}"
1_1_1_1_1_2_0,2350.965037205992,3,2018,"{""type"":""Point"",""coordinates"":[0.0,0.0]}"
1_1_1_1_1_2_1,896094.288566146,4,2018,"{""type"":""Point"",""coordinates"":[0.0,0.0]}"
1_1_1_1_1_2_2,2823.684103806515,12,2018,"{""type"":""Point"",""coordinates"":[0.0,0.0]}"
1_1_1_1_1_2_3,451744.46981774224,21,2018,"{""type"":""Point"",""coordinates"":[0.0,0.0]}"
1_1_1_1_1_2_4,16831.56050145132,22,2018,"{""type"":""Point"",""coordinates"":[0.0,0.0]}"
1_1_1_1_1_2_5,2213.29372377439,33,2018,"{""type"":""Point"",""coordinates"":[0.0,0.0]}"
1_1_1_1_2_0,2350.876616905699,3,2019,"{""type"":""Point"",""coordinates"":[0.0,0.0]}"
1_1_1_1_2_1,879715.2561144892,4,2019,"{""type"":""Point"",""coordinates"":[0.0,0.0]}"
1_1_1_1_2_2,1468.5503686389209,12,2019,"{""type"":""Point"",""coordinates"":[0.0,0.0]}"
1_1_1_1_2_3,469272.5262823737,21,2019,"{""type"":""Point"",""coordinates"":[0.0,0.0]}"
1_1_1_1_2_4,16860.77770137315,22,2019,"{""type"":""Point"",""coordinates"":[0.0,0.0]}"
1_1_1_1_2_5,2390.274666370823,33,2019,"{""type"":""Point"",""coordinates"":[0.0,0.0]}"
1_1_1_2_0,2344.323083421812,3,2020,"{""type"":""Point"",""coordinates"":[0.0,0.0]}"
1_1_1_2_1,868781.1409439932,4,2020,"{""type"":""Point"",""coordinates"":[0.0,0.0]}"
1_1_1_2_2,666.8590796506635,12,2020,"{""type"":""Point"",""coordinates"":[0.0,0.0]}"
1_1_1_2_3,480547.1687422733,21,2020,"{""type"":""Point"",""coordinates"":[0.0,0.0]}"
1_1_1_2_4,16926.944585692312,22,2020,"{""type"":""Point"",""coordinates"":[0.0,0.0]}"
1_1_1_2_5,2791.8253151055233,33,2020,"{""type"":""Point"",""coordinates"":[0.0,0.0]}"
1_1_2_0,2343.969347069273,3,2021,"{""type"":""Point"",""coordinates"":[0.0,0.0]}"
1_1_2_1,841020.0734094095,4,2021,"{""type"":""Point"",""coordinates"":[0.0,0.0]}"
1_1_2_2,575.9087550329107,12,2021,"{""type"":""Point"",""coordinates"":[0.0,0.0]}"
1_1_2_3,508295.58319633227,21,2021,"{""type"":""Point"",""coordinates"":[0.0,0.0]}"
1_1_2_4,17147.264388085176,22,2021,"{""type"":""Point"",""coordinates"":[0.0,0.0]}"
1_1_2_5,2675.46265418023,33,2021,"{""type"":""Point"",""coordinates"":[0.0,0.0]}"
1_2_0,2343.3468182484726,3,2022,"{""type"":""Point"",""coordinates"":[0.0,0.0]}"
1_2_1,820312.0335963096,4,2022,"{""type"":""Point"",""coordinates"":[0.0,0.0]}"
1_2_2,277.86494905905334,12,2022,"{""type"":""Point"",""coordinates"":[0.0,0.0]}"
1_2_3,529528.9961110029,21,2022,"{""type"":""Point"",""coordinates"":[0.0,0.0]}"
1_2_4,17184.132523452525,22,2022,"{""type"":""Point"",""coordinates"":[0.0,0.0]}"
1_2_5,2411.8877520437654,33,2022,"{""type"":""Point"",""coordinates"":[0.0,0.0]}"
2_0,2263.5883834916863,3,2023,"{""type"":""Point"",""coordinates"":[0.0,0.0]}"
2_1,820303.9844191312,4,2023,"{""type"":""Point"",""coordinates"":[0.0,0.0]}"
2_2,147.82439253408387,12,2023,"{""type"":""Point"",""coordinates"":[0.0,0.0]}"
2_3,530144.8020903333,21,2023,"{""type"":""Point"",""coordinates"":[0.0,0.0]}"
2_4,16524.6828512194,22,2023,"{""type"":""Point"",""coordinates"":[0.0,0.0]}"
2_5,2673.3796134146105,33,2023,"{""type"":""Point"",""coordinates"":[0.0,0.0]}"
